CAMIS,DBA,BORO,BUILDING,STREET,ZIPCODE,PHONE,CUISINE DESCRIPTION,INSPECTION DATE,ACTION,VIOLATION CODE,VIOLATION DESCRIPTION,CRITICAL FLAG,SCORE,GRADE,GRADE DATE,RECORD DATE,INSPECTION TYPE,Latitude,Longitude,Community Board,Council District,Census Tract,BIN,BBL,NTA,Location Point1
50079627,SEAMORE'S,Manhattan,250,VESEY STREET,10281,6465857380,Seafood,8/25/2021,Violations were cited in the following area(s).,04M,Live roaches present in facility's food and/or non-food areas.,Critical,16,,,10/30/2024,Cycle Inspection / Initial Inspection,40.71452196,-74.0156771,101,1,31703,1000060,1000160150,MN25,
40755766,EL POLLO PERUANO,Queens,4119,NATIONAL STREET,11368,7184575130,Peruvian,4/26/2023,Violations were cited in the following area(s).,08A,"Establishment is not free of harborage or conditions conducive to rodents, insects or other pests.",Not Critical,26,,,10/30/2024,Cycle Inspection / Initial Inspection,40.74843813,-73.86319012,404,21,40500,4048566,4019760007,QN26,
50158728,S-MEAT & HUESO BAR-GRILL,Queens,3550,31ST ST,11106,9173997334,,1/1/1900,,,,Not Applicable,,,,10/30/2024,,40.75733869,-73.92914403,401,22,5300,4007997,4006030045,QN70,
50110086,DADDYO'S BBQ,Staten Island,185,BRICKTOWN WAY,10309,6462269199,Barbecue,1/24/2023,Violations were cited in the following area(s).,06F,"Wiping cloths not stored clean and dry, or in a sanitizing solution, between uses.",Critical,29,,,10/30/2024,Pre-permit (Operational) / Initial Inspection,40.5295211,-74.23140975,503,51,22600,5164795,5074520100,SI11,
41720680,THE HUMMUS & PITA CO.,Manhattan,79,CHAMBERS STREET,10007,2125716700,Mediterranean,3/24/2022,Violations were cited in the following area(s).,10I,"Single service item reused, improperly stored, dispensed; not used when required.",Not Critical,46,,,10/30/2024,Cycle Inspection / Initial Inspection,40.71442127,-74.00685015,101,1,2100,1001625,1001490003,MN24,
50102413,WINGSTOP,Queens,12614,MERRICK BLVD,11434,3472666842,Chicken,4/19/2023,Violations were cited in the following area(s).,18-14,"Order or notice posted or required to be posted by the Department mutilated, obstructed or removed.",Not Critical,,,,10/30/2024,Administrative Miscellaneous / Initial Inspection,40.68185764,-73.76609459,412,27,33401,4270272,4125260001,QN08,
41381267,RABBIT,Manhattan,122,EAST    7 STREET,10009,2122543515,Vegetarian,10/23/2022,Violations were cited in the following area(s).,04L,Evidence of mice or live mice in establishment's food or non-food areas.,Critical,31,,,10/30/2024,Cycle Inspection / Initial Inspection,40.72630523,-73.98417941,103,2,3200,1005788,1004340025,MN22,
50128762,,0,33,NORTH DR,11021,5166036827,,1/1/1900,,,,Not Applicable,,,,10/30/2024,,,,,,,,,,
50129797,MAMA YOSHI MINI MART,Queens,1711,GROVE ST,11385,5104999289,Japanese,11/30/2023,Violations were cited in the following area(s).,04K,Evidence of rats or live rats in establishment's food or non-food areas.,Critical,24,N,,10/30/2024,Pre-permit (Operational) / Initial Inspection,40.70319941,-73.91119387,405,34,54700,4082195,4034400052,QN20,
40366054,HEALY'S PUB,Queens,10807,ROCKAWAY BEACH BOULEVARD,11694,7184749600,American,1/6/2022,Violations were cited in the following area(s).,04H,"Raw, cooked or prepared food is adulterated, contaminated, cross-contaminated, or not discarded in accordance with HACCP plan.",Critical,12,A,1/6/2022,10/30/2024,Cycle Inspection / Initial Inspection,40.58173375,-73.83028283,414,32,93800,,4,QN10,
41022993,POSTO,Manhattan,310,2 AVENUE,10003,2128077800,Italian,3/15/2023,Violations were cited in the following area(s).,02B,Hot TCS food item not held at or above 140 °F.,Critical,22,,,10/30/2024,Cycle Inspection / Initial Inspection,40.7349154,-73.98304073,106,2,4800,1020461,1009240001,MN21,
50084342,PARQ,Bronx,4001,EAST TREMONT AVENUE,10465,7186846053,American,7/8/2019,Violations were cited in the following area(s).,04A,Food Protection Certificate not held by supervisor of food operations.,Critical,29,,,10/30/2024,Cycle Inspection / Initial Inspection,40.82036763,-73.81800907,210,13,13000,2077284,2054450035,BX52,
41711778,CHICKEN FESTIVAL,Queens,196-17,NORTHERN BOULEVARD,11358,7182240712,Chicken,8/29/2023,Violations were cited in the following area(s).,02B,Hot TCS food item not held at or above 140 °F.,Critical,7,A,8/29/2023,10/30/2024,Cycle Inspection / Initial Inspection,40.75791142,-73.78510185,411,19,118100,4121242,4053730005,QN48,
50142443,KAMI ASIAN,Brooklyn,385,FLATBUSH AVENUE,11238,6462559692,Japanese,1/31/2024,Violations were cited in the following area(s).,09B,Thawing procedure improper.,Not Critical,7,,,10/30/2024,Pre-permit (Operational) / Initial Inspection,40.67619429,-73.97173549,308,39,15900,3029309,3011690009,BK37,
40383819,LAST STOP (AI & JI) RESTAURANT,Bronx,5977,BROADWAY,10471,3474496679,American,6/6/2023,Violations were cited in the following area(s).,04L,Evidence of mice or live mice in establishment's food or non-food areas.,Critical,30,,,10/30/2024,Cycle Inspection / Initial Inspection,40.88969981,-73.89816202,208,11,28500,2084211,2058011050,BX29,
50102738,G &L CAJUN GRILL,Queens,9040,160TH ST,11432,6468815538,Chinese,6/4/2024,Violations were cited in the following area(s).,02B,Hot TCS food item not held at or above 140 °F.,Critical,12,A,6/4/2024,10/30/2024,Cycle Inspection / Initial Inspection,40.70492565,-73.79990585,412,24,44601,4441658,4097560054,QN61,
50104306,CHICK 'N CONE,Manhattan,1000,S 8TH AVE,10019,6467494418,,1/1/1900,,,,Not Applicable,,,,10/30/2024,,40.76681223,-73.98280875,104,3,13900,1799161,1270000161,MN15,
50107528,ISTANBUL BAY,Manhattan,578,9 AVENUE,10036,3477333196,Turkish,1/5/2022,Violations were cited in the following area(s).,10C,Lighting Inadequate,Not Critical,0,,,10/30/2024,Pre-permit (Operational) / Initial Inspection,40.75828807,-73.99271938,104,3,11500,1024929,1010320061,MN15,
41699662,5 STAR VILLAGE CAFE,Brooklyn,1968,CONEY ISLAND AVENUE,11223,7189753373,Russian,7/26/2022,Violations were cited in the following area(s).,06C,"Food, supplies, and equipment not protected from potential source of contamination during storage, preparation, transportation, display or service.",Critical,44,,,10/30/2024,Cycle Inspection / Initial Inspection,40.60906243,-73.96221277,315,44,42000,3176303,3066420018,BK25,
50098328,TAMARA CARIBBEAN KITCHEN,Brooklyn,8913,GLENWOOD ROAD,11236,9174605103,Caribbean,11/30/2022,Violations were cited in the following area(s).,04L,Evidence of mice or live mice in establishment's food or non-food areas.,Critical,54,C,11/30/2022,10/30/2024,Cycle Inspection / Re-inspection,40.64134899,-73.90823173,318,46,96400,3224101,3079940001,BK50,
50118550,CONCEPT COFFEE,Queens,4461,11TH ST,11101,6463279517,Coffee/Tea,7/31/2023,Violations were cited in the following area(s).,20-06,Current letter grade or Grade Pending card not posted,Not Critical,,,,10/30/2024,Administrative Miscellaneous / Compliance Inspection,40.74819851,-73.94970027,402,26,700,4000441,4000520020,QN31,
40811162,CARMINE'S,Manhattan,2450,BROADWAY,10024,2123622200,Italian,7/8/2024,Violations were cited in the following area(s).,08A,"Establishment is not free of harborage or conditions conducive to rodents, insects or other pests.",Not Critical,37,,,10/30/2024,Cycle Inspection / Initial Inspection,40.79116758,-73.97430838,107,6,17900,1033560,1012380046,MN12,
41048429,CHIPOTLE MEXICAN GRILL,Brooklyn,185,MONTAGUE STREET,11201,7182439101,Tex-Mex,7/23/2021,Violations were cited in the following area(s).,10C,Lighting Inadequate,Not Critical,7,A,7/23/2021,10/30/2024,Cycle Inspection / Initial Inspection,40.69411263,-73.99183209,302,33,900,3002009,3002440013,BK09,
50118185,SULTAN'S DINE,Queens,11023,JAMAICA AVE,11418,7185987080,Bangladeshi,2/23/2022,Violations were cited in the following area(s).,06C,"Food not protected from potential source of contamination during storage, preparation, transportation, display or service.",Critical,0,,,10/30/2024,Pre-permit (Operational) / Initial Inspection,40.69652046,-73.83768169,409,32,12800,4192619,4092240037,QN54,
50138029,MALI 504 BAR & KITCHEN,Brooklyn,3195,FULTON STREET,11208,9176341132,Spanish,11/28/2023,Violations were cited in the following area(s).,10G,"Dishwashing and ware washing: Cleaning and sanitizing of tableware, including dishes, utensils, and equipment deficient.",Not Critical,10,,,10/30/2024,Pre-permit (Operational) / Compliance Inspection,40.68226642,-73.87705614,305,37,117601,3092078,3041260067,BK83,
50160488,,Manhattan,1814,AMSTERDAM AVENUE,10031,2126710394,,1/1/1900,,,,Not Applicable,,,,10/30/2024,,40.82825547,-73.94540818,109,7,23300,1062105,1020810036,MN04,
41561855,MARCELLINO,Manhattan,178,MULBERRY STREET,10012,6465590640,Italian,2/13/2023,Establishment Closed by DOHMH. Violations were cited in the following area(s) and those requiring immediate action were addressed.,04A,Food Protection Certificate (FPC) not held by manager or supervisor of food operations.,Critical,80,,,10/30/2024,Cycle Inspection / Re-inspection,40.72059716,-73.99678565,102,1,4100,1007177,1004800001,MN24,
50160765,,Manhattan,1109,5TH AVE,10128,2124233200,,1/1/1900,,,,Not Applicable,,,,10/30/2024,,40.78529148,-73.95726267,108,4,16001,1047052,1015040001,MN40,
50103295,CIAO BELLA COFFEE,Brooklyn,284,CLARKSON AVENUE,11226,7186761426,Coffee/Tea,11/8/2021,Violations were cited in the following area(s).,04A,Food Protection Certificate not held by supervisor of food operations.,Critical,29,,,10/30/2024,Pre-permit (Operational) / Initial Inspection,40.65536805,-73.95073642,317,40,82000,3116268,3050660048,BK60,
50135301,RONGWANG RESTAURANT,Queens,136-51,ROOSEVELT AVENUE,11354,3472967110,Chinese,4/15/2024,Violations were cited in the following area(s).,06B,"Tobacco or electronic cigarette use, eating, or drinking from open container in food preparation, food storage or dishwashing area.",Critical,45,,,10/30/2024,Cycle Inspection / Initial Inspection,40.75999628,-73.82842268,407,20,87100,4112511,4049800064,QN22,
50059374,DOG & BONE,Manhattan,338,3 AVENUE,10010,2128894663,American,7/20/2022,Violations were cited in the following area(s).,04L,Evidence of mice or live mice in establishment's food or non-food areas.,Critical,63,,,10/30/2024,Cycle Inspection / Initial Inspection,40.74002054,-73.98228883,106,2,6800,1018080,1008800050,MN21,
50093687,J & K GOURMET,Queens,2302,COLLEGE POINT BLVD,11356,7183534111,Chinese,6/28/2023,Violations were cited in the following area(s).,02B,Hot TCS food item not held at or above 140 °F.,Critical,35,,,10/30/2024,Cycle Inspection / Initial Inspection,40.77833993,-73.84613999,407,19,91900,4311657,4042250025,QN23,
50160910,,Manhattan,769,6 AVENUE,10010,5512004144,,1/1/1900,,,,Not Applicable,,,,10/30/2024,,40.74461084,-73.99156604,104,3,9100,1085978,1008010034,MN13,
50071604,LIVELY,Brooklyn,396,7 AVENUE,11215,9177423258,"Juice, Smoothies, Fruit Salads",3/3/2022,Violations were cited in the following area(s).,08A,Facility not vermin proof. Harborage or conditions conducive to attracting vermin to the premises and/or allowing vermin to exist.,Not Critical,9,A,3/3/2022,10/30/2024,Cycle Inspection / Re-inspection,40.66487984,-73.98326767,306,39,15100,3023282,3010300040,BK37,
50118250,SIMPLY NOODLES,Manhattan,267,AMSTERDAM AVENUE,10023,2127211000,Chinese,5/1/2023,Violations were cited in the following area(s).,09B,Thawing procedure improper.,Not Critical,23,,,10/30/2024,Cycle Inspection / Initial Inspection,40.77891089,-73.98138659,107,6,15700,1029916,1011440001,MN14,
41202545,VANILLA CAFE,Queens,135-20,ROOSEVELT AVENUE,11354,7187622888,Bakery Products/Desserts,8/16/2021,Violations were cited in the following area(s).,02G,Cold food item held above 41º F (smoked fish and reduced oxygen packaged foods above 38 ºF) except during necessary preparation.,Critical,28,,,10/30/2024,Cycle Inspection / Initial Inspection,40.75911685,-73.83138489,407,20,87100,4114113,4050360023,QN22,
50160080,,Manhattan,75,WALL STREET,10005,2125979169,,1/1/1900,,,,Not Applicable,,,,10/30/2024,,40.70547875,-74.00787355,101,1,700,1085950,1000317501,MN25,
50095083,THE SCREEN DOOR,Brooklyn,145,DRIGGS AVENUE,11222,6467373407,Frozen Desserts,8/8/2022,Violations were cited in the following area(s).,04L,Evidence of mice or live mice in establishment's food or non-food areas.,Critical,17,,,10/30/2024,Cycle Inspection / Initial Inspection,40.72305399,-73.94434383,301,33,59100,3067639,3027020024,BK76,
50016354,THE EMPANADA SPOT,Queens,8417,NORTHERN BLVD,11372,7185070400,Latin American,1/12/2024,Violations were cited in the following area(s).,09B,Thawing procedure improper.,Not Critical,13,A,1/12/2024,10/30/2024,Cycle Inspection / Initial Inspection,40.75578334,-73.88326181,403,25,33700,4034621,4014140039,QN28,
41719811,MYRTLE THAI RESTAURANT,Brooklyn,438,MYRTLE AVENUE,11205,7184221142,Thai,5/1/2023,Violations were cited in the following area(s).,06F,"Wiping cloths not stored clean and dry, or in a sanitizing solution, between uses.",Critical,26,B,5/1/2023,10/30/2024,Cycle Inspection / Re-inspection,40.69318898,-73.96807169,302,35,19500,3054797,3019020022,BK69,
50145242,SANUKI UDON,Manhattan,31,WEST    4 STREET,10012,9179395822,Japanese,3/13/2024,Violations were cited in the following area(s).,28-04,Equipment used for ROP not approved by the Department,Not Critical,,,,10/30/2024,Administrative Miscellaneous / Initial Inspection,40.72910041,-73.99564149,102,2,5900,1008815,1005460030,MN23,
50058767,PARIS BAGUETTE,Queens,9633,QUEENS BLVD,11374,7188978688,Bakery Products/Desserts,11/10/2022,Violations were cited in the following area(s).,04L,Evidence of mice or live mice in establishment's food or non-food areas.,Critical,37,,,10/30/2024,Cycle Inspection / Initial Inspection,40.72994777,-73.86184633,406,29,71701,4050423,4020880018,QN18,
41656924,TENZAN,Manhattan,988990,2 AVENUE,,2129805900,Japanese,8/12/2021,Violations were cited in the following area(s).,04M,Live roaches present in facility's food and/or non-food areas.,Critical,21,,,10/30/2024,Cycle Inspection / Initial Inspection,0,0,,,,,1,,
50116792,HOOK & REEL CAJUN SEAFOOD & BAR,Bronx,236,EAST  161 STREET,10451,7182930388,Seafood,2/23/2022,Violations were cited in the following area(s).,10J,Hand wash sign not posted,Not Critical,35,,,10/30/2024,Pre-permit (Operational) / Initial Inspection,40.82595948,-73.9196869,204,16,6100,2002456,2024430090,BX14,
41238641,STARBUCKS,Manhattan,405,BROADWAY,10013,6466130148,Coffee/Tea,7/18/2022,Violations were cited in the following area(s).,10G,"Dishwashing and ware washing:  Cleaning and sanitizing of tableware, including dishes, utensils, and equipment deficient.",Not Critical,23,,,10/30/2024,Cycle Inspection / Initial Inspection,40.71882681,-74.00237733,101,1,3300,1002309,1001947505,MN24,
50143475,GEMINI SOUP BOWL,Queens,10708,ROCKAWAY BLVD,11417,7186799962,,1/1/1900,,,,Not Applicable,,,,10/30/2024,,40.67832248,-73.83190001,410,32,86400,4247860,4114820033,QN55,
50155587,SALAD HOUSE OF BROOKLYN,Brooklyn,2732,OCEAN AVENUE,11229,7188657014,,1/1/1900,,,,Not Applicable,,,,10/30/2024,,40.59451059,-73.95049703,315,48,59200,3202114,3074040010,BK17,
50064506,THE GRAND,Queens,3701,30TH AVE,11103,7188061504,Mediterranean,5/26/2022,Violations were cited in the following area(s).,04M,Live roaches present in facility's food and/or non-food areas.,Critical,0,A,5/26/2022,10/30/2024,Cycle Inspection / Re-inspection,40.76458731,-73.91646168,401,22,6502,4430956,4006610047,QN70,
50108908,HUB THAI,Manhattan,50,AVENUE A,10009,2122288221,Thai,6/8/2022,Violations were cited in the following area(s).,04M,Live roaches present in facility's food and/or non-food areas.,Critical,0,A,6/8/2022,10/30/2024,Pre-permit (Operational) / Re-inspection,40.72397229,-73.9850314,103,2,3200,1075879,1003997501,MN22,
50158507,HARDEE CHINESE AMERICAN TAKEOUT,Brooklyn,209,UTICA AVENUE,11213,9177752810,Chinese/Cuban,10/8/2024,Violations were cited in the following area(s).,04L,Evidence of mice or live mice in establishment's food or non-food areas.,Critical,40,N,,10/30/2024,Pre-permit (Operational) / Initial Inspection,40.67170567,-73.93083594,308,36,34700,3036537,3013730003,BK61,
41520477,SABOR A MEXICO TAQUERIA,Manhattan,160,1 AVENUE,10009,2125334002,Mexican,1/19/2022,Violations were cited in the following area(s).,02B,Hot food item not held at or above 140º F.,Critical,7,A,1/19/2022,10/30/2024,Cycle Inspection / Initial Inspection,40.7285999,-73.98453606,103,2,3400,1005897,1004370007,MN22,
40798872,METROPOLITAN,Brooklyn,559,LORIMER STREET,11211,7185994444,American,7/29/2022,Violations were cited in the following area(s).,06F,"Wiping cloths not stored clean and dry, or in a sanitizing solution, between uses.",Critical,5,A,7/29/2022,10/30/2024,Cycle Inspection / Re-inspection,40.71366096,-73.94931522,301,34,51300,3068790,3027610035,BK73,
50153452,GRATA THAI,Manhattan,1099,1 AVENUE,10065,9179167521,Thai,7/23/2024,Violations were cited in the following area(s).,08A,"Establishment is not free of harborage or conditions conducive to rodents, insects or other pests.",Not Critical,54,,,10/30/2024,Pre-permit (Operational) / Initial Inspection,40.7603843,-73.96141548,108,5,11000,1044205,1014350024,MN31,
50160253,HIMAWARI,Manhattan,98,MOTT STREET,10013,9295654155,,1/1/1900,,,,Not Applicable,,,,10/30/2024,,40.71724582,-73.99747843,102,1,4100,1002615,1002040001,MN24,
50139884,RINCONSITO DEL SABOR,Bronx,3010,JEROME AVENUE,10468,3472702927,Latin American,11/6/2023,Establishment Closed by DOHMH. Violations were cited in the following area(s) and those requiring immediate action were addressed.,06D,"Food contact surface not properly washed, rinsed and sanitized after each use and following any activity when contamination may have occurred.",Critical,99,,,10/30/2024,Pre-permit (Operational) / Re-inspection,40.87393122,-73.88911027,207,11,41100,2017626,2033210013,BX05,
50120873,787 COFFEE CO,Manhattan,72,THOMPSON STREET,10012,9082308846,Coffee/Tea,5/25/2022,Violations were cited in the following area(s).,04A,Food Protection Certificate not held by supervisor of food operations.,Critical,33,,,10/30/2024,Pre-permit (Operational) / Initial Inspection,40.72445631,-74.00296199,102,1,4700,1007325,1004880010,MN24,
50122265,MAX BAKERY & RESTAURANT,Queens,3763,90TH ST,11372,3478453942,Bakery Products/Desserts,7/10/2023,Violations were cited in the following area(s).,05H,No approved written standard operating procedure for avoiding contamination by refillable returnable containers.,Critical,57,,,10/30/2024,Pre-permit (Operational) / Initial Inspection,40.74927131,-73.87662884,403,21,27500,4036372,4014780046,QN28,
50058908,CAFE ERZULIE,Brooklyn,894,BROADWAY,11206,9177471037,Bottled Beverages,10/26/2024,Violations were cited in the following area(s).,08A,"Establishment is not free of harborage or conditions conducive to rodents, insects or other pests.",Not Critical,24,N,,10/30/2024,Cycle Inspection / Initial Inspection,40.69799598,-73.93708,303,36,28700,3042864,3015820018,BK35,
50073733,COFFEE RX,Brooklyn,1504,86 STREET,11228,9295006836,Coffee/Tea,3/22/2022,Violations were cited in the following area(s).,02G,Cold food item held above 41º F (smoked fish and reduced oxygen packaged foods above 38 ºF) except during necessary preparation.,Critical,9,A,3/22/2022,10/30/2024,Cycle Inspection / Initial Inspection,40.61128058,-74.00933187,311,43,17200,3166165,3063600038,BK27,
50160278,,Brooklyn,2766,PITKIN AVENUE,11208,7187052985,,1/1/1900,,,,Not Applicable,,,,10/30/2024,,40.67567383,-73.86993377,305,42,120000,3095140,3042350017,BK82,
41457591,ROSSY'S BAKERY & COFFEE SHOP,Manhattan,242,EAST    3 STREET,10009,2122532424,Spanish,8/20/2021,Violations were cited in the following area(s).,06C,"Food not protected from potential source of contamination during storage, preparation, transportation, display or service.",Critical,18,,,10/30/2024,Cycle Inspection / Initial Inspection,40.72221245,-73.98191477,103,2,2202,1004594,1003850026,MN28,
50087446,LEO'S RESTAURANT AND SPORTS BAR,Queens,8419,ROOSEVELT AVE,11372,7186852665,Latin American,4/12/2022,Violations were cited in the following area(s).,02B,Hot food item not held at or above 140º F.,Critical,31,,,10/30/2024,Cycle Inspection / Initial Inspection,40.74785772,-73.88181047,403,21,28100,4036234,4014720036,QN28,
50008021,BOMBAY GRILL HOUSE,Manhattan,764A,9TH AVE,10019,2129771010,Indian,1/27/2022,Violations were cited in the following area(s).,08A,Facility not vermin proof. Harborage or conditions conducive to attracting vermin to the premises and/or allowing vermin to exist.,Not Critical,21,,,10/30/2024,Cycle Inspection / Initial Inspection,40.76424383,-73.98837957,104,3,13300,,1,MN15,
50112608,CAFE ROUND K,Manhattan,78,CANAL STREET,10002,3474711601,Coffee/Tea,9/12/2023,Violations were cited in the following area(s).,04A,Food Protection Certificate (FPC) not held by manager or supervisor of food operations.,Critical,65,C,9/12/2023,10/30/2024,Pre-permit (Operational) / Re-inspection,40.71524196,-73.99307401,103,1,1600,1003785,1002930012,MN27,
50129949,NEW JOY GARDEN,Brooklyn,482,RIVERDALE AVENUE,11207,7183852288,Chinese,9/3/2024,Violations were cited in the following area(s).,04L,Evidence of mice or live mice in establishment's food or non-food areas.,Critical,26,B,9/3/2024,10/30/2024,Cycle Inspection / Re-inspection,40.66254116,-73.89814971,305,42,113000,3085400,3038350021,BK85,
41537124,BONCHON,Queens,4537,BELL BOULEVARD,11361,7182251010,Korean,9/19/2024,Violations were cited in the following area(s).,02B,Hot TCS food item not held at or above 140 °F.,Critical,19,,,10/30/2024,Cycle Inspection / Initial Inspection,40.75924654,-73.76875646,411,19,147100,4518252,4073320106,QN46,
41563691,ECUADORIAN RESTAURANT II,Queens,3406,36 AVENUE,11106,3475071286,Latin American,1/20/2022,Violations were cited in the following area(s).,10H,Proper sanitization not provided for utensil ware washing operation.,Not Critical,22,,,10/30/2024,Cycle Inspection / Initial Inspection,40.75537497,-73.92720423,401,26,5500,4009497,4006340034,QN68,
50095998,HO HO GARDEN,Queens,9306,LIBERTY AVE,11417,7183226666,Chinese,8/30/2024,Establishment re-opened by DOHMH.,,,Not Applicable,0,Z,8/30/2024,10/30/2024,Cycle Inspection / Reopening Inspection,40.68018912,-73.84569311,410,32,5400,4190993,4091620003,QN56,
50142407,SERAFINA VINO E CUCINA,Manhattan,110,UNIVERSITY PLACE,10003,3475156050,Italian,3/11/2024,Violations were cited in the following area(s).,02B,Hot TCS food item not held at or above 140 °F.,Critical,51,,,10/30/2024,Pre-permit (Operational) / Initial Inspection,40.73427688,-73.99249469,102,2,6100,1009386,1005707503,MN23,
50160986,,Queens,7,JFK INTL AIRPORT BLVD,11430,3122290099,,1/1/1900,,,,Not Applicable,,,,10/30/2024,,40.64831283,-73.7882815,483,28,71600,4542156,4142600001,QN98,
50116311,BULBAP GRILL,Manhattan,746,10 AVENUE,10019,6464787567,Korean,2/14/2022,Violations were cited in the following area(s).,10H,Proper sanitization not provided for utensil ware washing operation.,Not Critical,12,A,2/14/2022,10/30/2024,Pre-permit (Operational) / Initial Inspection,40.76514164,-73.99143708,104,3,13300,1026705,1010600062,MN15,
50106573,EL MIL SABORES,Manhattan,695,9 AVENUE,10036,2124896677,Tex-Mex,5/18/2024,No violations were recorded at the time of this inspection.,,,Not Applicable,0,,,10/30/2024,Inter-Agency Task Force / Initial Inspection,40.76202897,-73.99001882,104,3,12700,1079065,1010570035,MN15,
50150895,,Manhattan,775,COLUMBUS AVENUE,10025,8453140875,,1/1/1900,,,,Not Applicable,,,,10/30/2024,,40.79404211,-73.96664351,107,7,18500,1088481,1018337505,MN12,
50148446,,Queens,145-18,34 AVENUE,11354,6467075808,,1/1/1900,,,,Not Applicable,,,,10/30/2024,,40.76706845,-73.8223033,407,20,115900,4308859,4049950034,QN51,
50039041,POPEYES,Bronx,2174,WHITE PLAINS ROAD,10462,3478513001,Chicken,5/31/2022,Violations were cited in the following area(s).,04L,Evidence of mice or live mice present in facility's food and/or non-food areas.,Critical,0,,,10/30/2024,Cycle Inspection / Initial Inspection,40.85568349,-73.86764278,211,13,22403,2049395,2043180016,BX49,
50081129,DUNKIN,Brooklyn,1149,UTICA AVENUE,11203,9178863304,Donuts,5/22/2024,Violations were cited in the following area(s).,06F,"Wiping cloths not stored clean and dry, or in a sanitizing solution, between uses.",Critical,7,A,5/22/2024,10/30/2024,Cycle Inspection / Initial Inspection,40.64483903,-73.92963511,317,45,84800,3327615,3047610037,BK96,
50149087,KIBO SUSHI - NY,Manhattan,750,8 AVENUE,10036,6472781943,,1/1/1900,,,,Not Applicable,,,,10/30/2024,,40.75987138,-73.98784971,105,3,12500,1024736,1010187502,MN17,
50034742,BLUJEEN,Manhattan,2143,FREDERICK DOUGLASS BOULEVARD,,2122561073,American,6/22/2017,Violations were cited in the following area(s).,20F,Current letter grade sign not posted.,Not Critical,,,,10/30/2024,Administrative Miscellaneous / Initial Inspection,0,0,,,,,1,,
50141498,DMM BAKERY,Brooklyn,6802,BAY PARKWAY,11204,7183314372,Chinese,9/18/2023,Violations were cited in the following area(s).,04H,"Raw, cooked or prepared food is adulterated, contaminated, cross-contaminated, or not discarded in accordance with HACCP plan.",Critical,29,,,10/30/2024,Pre-permit (Operational) / Initial Inspection,40.61210043,-73.98325213,311,47,25800,3135132,3055800038,BK28,
50148383,TROPICAL REVIVAL,Queens,13408,JAMAICA AVE,11418,3475021802,Caribbean,3/18/2024,Violations were cited in the following area(s).,20-04,"“Choking first aid” poster not posted. “Alcohol and Pregnancy” warning sign not posted. Resuscitation equipment: exhaled air resuscitation masks (adult & pediatric), latex gloves, sign not posted.",Not Critical,,,,10/30/2024,Administrative Miscellaneous / Initial Inspection,40.70235187,-73.81854167,409,29,14202,4196411,4093420004,QN54,
50154614,HAPPY GARDEN,Queens,19617,LINDEN BLVD,11412,7182889259,Chinese,10/15/2024,Violations were cited in the following area(s).,09B,Thawing procedure improper.,Not Critical,25,Z,10/15/2024,10/30/2024,Pre-permit (Operational) / Re-inspection,40.69356113,-73.75544416,412,27,52800,4442771,4110680070,QN08,
50002265,SUSHI NAKAZAWA,Manhattan,23,COMMERCE STREET,10014,2129242212,Japanese,6/21/2022,Violations were cited in the following area(s).,06A,Personal cleanliness inadequate. Outer garment soiled with possible contaminant. Effective hair restraint not worn in an area where food is prepared.,Critical,12,A,6/21/2022,10/30/2024,Cycle Inspection / Initial Inspection,40.73165029,-74.00459682,102,3,6700,1009961,1005870046,MN23,
41591580,JPAN SUSHI RESTAURANT,Brooklyn,287,5 AVENUE,11215,7187882880,Japanese,5/8/2023,Violations were cited in the following area(s).,02B,Hot TCS food item not held at or above 140 °F.,Critical,8,A,5/8/2023,10/30/2024,Cycle Inspection / Initial Inspection,40.67370967,-73.98250118,306,39,13500,3020793,3009700006,BK37,
50105335,Warique,Queens,9004,37TH AVE,11372,6465931774,Peruvian,11/30/2021,Violations were cited in the following area(s).,09C,Food contact surface not properly maintained.,Not Critical,7,A,11/30/2021,10/30/2024,Pre-permit (Operational) / Initial Inspection,40.75053124,-73.87670951,403,21,27500,4036347,4014780001,QN28,
40687209,VIA QUADRONNO,Manhattan,25,EAST   73 STREET,10021,2126509880,Italian,11/1/2023,Violations were cited in the following area(s).,09B,Thawing procedure improper.,Not Critical,32,,,10/30/2024,Cycle Inspection / Initial Inspection,40.77268209,-73.96544837,108,4,13000,1041495,1013880015,MN40,
50128674,TASTE GOOD,Brooklyn,6909,8 AVENUE,11228,3475252048,Chinese,10/16/2023,Violations were cited in the following area(s).,04L,Evidence of mice or live mice in establishment's food or non-food areas.,Critical,33,C,10/16/2023,10/30/2024,Pre-permit (Operational) / Re-inspection,40.63022448,-74.01501594,310,38,13200,3145879,3058770005,BK30,
50160322,,Brooklyn,449,7 AVENUE,11215,3474819528,,1/1/1900,,,,Not Applicable,,,,10/30/2024,,40.66294225,-73.98485772,307,39,14900,3026634,3011040004,BK37,
50116793,VIVI BUBBLE TEA,Manhattan,325,BROADWAY,10007,6462507765,Coffee/Tea,4/9/2024,Violations were cited in the following area(s).,04K,Evidence of rats or live rats in establishment's food or non-food areas.,Critical,26,B,4/9/2024,10/30/2024,Cycle Inspection / Re-inspection,40.71599139,-74.00478692,101,1,3300,1079211,1001520025,MN24,
41623184,CHARLOTTE PATISSERIE,Brooklyn,596,MANHATTAN AVENUE,11222,7183838313,Coffee/Tea,1/30/2023,Violations were cited in the following area(s).,04L,Evidence of mice or live mice in establishment's food or non-food areas.,Critical,9,,,10/30/2024,Cycle Inspection / Initial Inspection,40.72302107,-73.95034709,301,33,56900,3066759,3026800044,BK76,
50124859,ALMAH COFFEE SHOP,Brooklyn,87,UTICA AVENUE,11213,3475336494,Jewish/Kosher,2/24/2023,Violations were cited in the following area(s).,20-01,Food allergy information poster not conspicuously posted where food is being prepared or processed by food workers.,Not Critical,,,,10/30/2024,Administrative Miscellaneous / Initial Inspection,40.67592964,-73.93043497,308,36,30700,3324595,3013430001,BK61,
50122544,FRIENDSHIP BBQ,Queens,13676,39TH AVE,11354,3475423909,Korean,3/16/2023,Violations were cited in the following area(s).,28-04,Equipment used for ROP not approved by the Department,Not Critical,,,,10/30/2024,Administrative Miscellaneous / Initial Inspection,40.7608189,-73.82788269,407,20,87100,4112497,4049800035,QN22,
40366497,THE PUNCH BOWL,Bronx,5820,BROADWAY,10463,6463599068,American,8/5/2021,Violations were cited in the following area(s).,08A,Facility not vermin proof. Harborage or conditions conducive to attracting vermin to the premises and/or allowing vermin to exist.,Not Critical,13,A,8/5/2021,10/30/2024,Cycle Inspection / Initial Inspection,40.88520606,-73.90057393,208,11,28300,2094716,2032710189,BX29,
41665894,ESSEN,Manhattan,515,MADISON AVENUE,10022,2122074566,American,12/6/2022,Establishment re-opened by DOHMH.,06C,"Food, supplies, and equipment not protected from potential source of contamination during storage, preparation, transportation, display or service.",Critical,5,Z,12/6/2022,10/30/2024,Cycle Inspection / Reopening Inspection,40.75965768,-73.97378274,105,4,10200,1035728,1012890021,MN17,
41237926,STARBUCKS,Manhattan,1261,LEXINGTON AVENUE,10028,2128791764,Coffee/Tea,10/28/2022,Violations were cited in the following area(s).,08A,"Establishment is not free of harborage or conditions conducive to rodents, insects or other pests.",Not Critical,11,A,10/28/2022,10/30/2024,Cycle Inspection / Initial Inspection,40.77870914,-73.95614397,108,5,14801,1047689,1015137502,MN40,
40369016,VIAND COFFEE SHOP,Manhattan,673,MADISON AVENUE,10065,2127516622,Greek,8/30/2022,Violations were cited in the following area(s).,04L,Evidence of mice or live mice in establishment's food or non-food areas.,Critical,54,,,10/30/2024,Cycle Inspection / Initial Inspection,40.76492405,-73.97041615,108,4,11401,1040850,1013760021,MN40,
50144656,TEX*S CHICKEN & BURGERS,Queens,14414,NORTHERN BLVD,11354,7187990115,American,4/30/2024,Violations were cited in the following area(s).,02B,Hot TCS food item not held at or above 140 °F.,Critical,32,N,,10/30/2024,Pre-permit (Operational) / Initial Inspection,40.76468988,-73.82303528,407,20,116300,4113419,4050140009,QN51,
50110468,SULLIVAN TAQUERIA,Manhattan,71,SULLIVAN STREET,10012,6467070077,Tex-Mex,12/14/2023,Violations were cited in the following area(s).,02B,Hot TCS food item not held at or above 140 °F.,Critical,12,A,12/14/2023,10/30/2024,Cycle Inspection / Initial Inspection,40.72461822,-74.0038892,102,3,4700,1007347,1004890008,MN24,
50048555,SUBWAY,Manhattan,3559,BROADWAY,10031,3472764949,Sandwiches,10/20/2023,Violations were cited in the following area(s).,04L,Evidence of mice or live mice in establishment's food or non-food areas.,Critical,37,,,10/30/2024,Cycle Inspection / Initial Inspection,40.82691268,-73.95010305,109,7,22900,1062381,1020920036,MN04,
50154136,OMG SHAWARMA,Manhattan,131,7 AVENUE SOUTH,10014,6464490555,,1/1/1900,,,,Not Applicable,,,,10/30/2024,,40.73450217,-74.00228408,102,3,7300,1010837,1006110034,MN23,
50125224,BARO 1376 RESTAURANT & BAR,Queens,75-32,BROADWAY,11373,3478480753,Asian/Asian Fusion,4/16/2024,Violations were cited in the following area(s).,02B,Hot TCS food item not held at or above 140 °F.,Critical,39,,,10/30/2024,Cycle Inspection / Initial Inspection,40.74604881,-73.88998078,404,25,26700,4311943,4014860051,QN29,
50103804,Paratha Wala,Queens,10309,METROPOLITAN AVE,11375,2127314547,,1/1/1900,,,,Not Applicable,,,,10/30/2024,,40.71026056,-73.84957653,406,29,73100,4077535,4032400049,QN17,
50080621,ILUSION TAVERN,Queens,10507,NORTHERN BLVD,11368,9177156728,Latin American,3/29/2022,Violations were cited in the following area(s).,06F,Wiping cloths soiled or not stored in sanitizing solution.,Critical,16,,,10/30/2024,Cycle Inspection / Initial Inspection,40.75773232,-73.86354275,403,21,36500,4042143,4017000042,QN27,
41264387,CUENCA COFFEE SHOP RESTAURANT,Queens,9529,JAMAICA AVENUE,11421,7188474642,Latin American,3/29/2022,Violations were cited in the following area(s).,02B,Hot food item not held at or above 140º F.,Critical,22,,,10/30/2024,Cycle Inspection / Initial Inspection,40.69444228,-73.84946811,409,32,2200,4182440,4088830083,QN53,
50018654,CHIKURIN,Brooklyn,1777,OCEAN AVENUE,11230,7183381818,Japanese,7/14/2022,Violations were cited in the following area(s).,10E,"Accurate thermometer not provided or properly located in refrigerated, cold storage or hot holding equipment",Not Critical,0,A,7/14/2022,10/30/2024,Cycle Inspection / Re-inspection,40.61894383,-73.95510029,314,45,76000,3209144,3076380006,BK43,
50107574,CROFFLE HOUSE,Queens,4017,149TH PL,11354,9179080405,Bakery Products/Desserts,2/14/2024,Violations were cited in the following area(s).,10F,"Non-food contact surface or equipment made of unacceptable material, not kept clean, or not properly sealed, raised, spaced or movable to allow accessibility for cleaning on all sides, above and underneath the unit.",Not Critical,9,A,2/14/2024,10/30/2024,Cycle Inspection / Re-inspection,40.7629838,-73.81506919,407,20,116700,4438123,4050310010,QN51,
50044307,AMORINO,Manhattan,721,8 AVENUE,10036,2124450101,Frozen Desserts,7/7/2022,Violations were cited in the following area(s).,08C,"Pesticide not properly labeled or used by unlicensed individual.  Pesticide, other toxic chemical improperly used/stored. Unprotected, unlocked bait station used.",Not Critical,11,A,7/7/2022,10/30/2024,Cycle Inspection / Re-inspection,40.75938011,-73.98823603,104,3,12100,1025011,1010360029,MN15,
50103137,PIZZA COLLECTIVE,Manhattan,2060,BROADWAY,10023,6466930949,Pizza,3/21/2024,Violations were cited in the following area(s).,08A,"Establishment is not free of harborage or conditions conducive to rodents, insects or other pests.",Not Critical,39,,,10/30/2024,Cycle Inspection / Re-inspection,40.77793661,-73.9820765,107,6,15700,1029873,1011430001,MN14,
50118556,RICO TACO,Brooklyn,123,WYCKOFF AVENUE,11237,7186698198,Mexican,7/17/2023,Violations were cited in the following area(s).,04M,Live roaches in facility's food or non-food area.,Critical,19,N,,10/30/2024,Pre-permit (Operational) / Initial Inspection,40.70421806,-73.91908034,304,37,44500,3342239,3032490008,BK77,
50086736,WIN PARKWAY,Brooklyn,6812,BAY PARKWAY,11204,7182328008,Chinese,12/21/2023,Violations were cited in the following area(s).,04A,Food Protection Certificate (FPC) not held by manager or supervisor of food operations.,Critical,38,,,10/30/2024,Cycle Inspection / Initial Inspection,40.61182599,-73.98353673,311,43,25800,3135136,3055800042,BK28,
50128076,WEST PLACE,Manhattan,1288,AMSTERDAM AVENUE,10027,2129329390,Chinese,10/20/2022,Violations were cited in the following area(s).,04L,Evidence of mice or live mice in establishment's food or non-food areas.,Critical,26,,,10/30/2024,Pre-permit (Operational) / Initial Inspection,40.81156983,-73.95759253,109,7,21100,1084108,1019780001,MN09,
41465557,AQUI EN BELLA PUEBLA MEXICAN RESTAURANT,Queens,9411,ROOSEVELT AVENUE,11372,7186397300,Mexican,7/2/2024,Violations were cited in the following area(s).,09B,Thawing procedure improper.,Not Critical,13,A,7/2/2024,10/30/2024,Cycle Inspection / Initial Inspection,40.74884677,-73.87243223,403,21,27300,4036561,4014820046,QN28,
40619544,CAFETERIA,Manhattan,119,7 AVENUE,10011,2124141717,American,6/27/2023,Violations were cited in the following area(s).,02B,Hot TCS food item not held at or above 140 °F.,Critical,12,A,6/27/2023,10/30/2024,Cycle Inspection / Initial Inspection,40.7405983,-73.99817402,104,3,8100,1014648,1007930001,MN13,
50142851,MANHATTAN BEACH PIZZA,Brooklyn,1623,ORIENTAL BOULEVARD,11235,7189212575,Pizza,12/6/2023,Violations were cited in the following area(s).,09E,Wash hands sign not posted near or above hand washing sink.,Not Critical,4,A,12/6/2023,10/30/2024,Pre-permit (Operational) / Re-inspection,40.57838468,-73.93858267,315,48,61600,3246741,3087570015,BK17,
50114990,3 TIMES,Manhattan,9096,CLINTON ST,,9293077777,Chinese,4/7/2023,Establishment re-opened by DOHMH.,04M,Live roaches in facility's food or non-food area.,Critical,13,Z,4/7/2023,10/30/2024,Cycle Inspection / Reopening Inspection,0,0,,,,,1,,
50137282,GOLDEN DRAGON,Brooklyn,394,METROPOLITAN AVENUE,11211,6463594855,Chinese,8/15/2023,Violations were cited in the following area(s).,02B,Hot TCS food item not held at or above 140 °F.,Critical,9,A,8/15/2023,10/30/2024,Pre-permit (Operational) / Initial Inspection,40.7140586,-73.95506843,301,34,51900,3062508,3023690017,BK73,
50045536,ALL IN,Queens,4508,PARSONS BLVD,11355,7187374666,Chinese,8/24/2021,Violations were cited in the following area(s).,04M,Live roaches present in facility's food and/or non-food areas.,Critical,33,,,10/30/2024,Cycle Inspection / Initial Inspection,40.75548295,-73.81544021,407,20,120100,4117536,4052050021,QN52,
50148139,METRO CAFE,Manhattan,297,7 AVENUE,10001,6464097294,American,7/22/2024,Violations were cited in the following area(s).,08A,"Establishment is not free of harborage or conditions conducive to rodents, insects or other pests.",Not Critical,28,Z,7/22/2024,10/30/2024,Pre-permit (Operational) / Re-inspection,40.74646096,-73.99391164,105,3,9500,1015058,1008020078,MN17,
50071316,Rincon Melania's,Queens,35-11,QUEENS BOULEVARD,11101,9177717155,Latin American,6/22/2022,Violations were cited in the following area(s).,09C,Food contact surface not properly maintained.,Not Critical,38,,,10/30/2024,Cycle Inspection / Initial Inspection,40.74443037,-73.92961974,402,26,17900,4003167,4002220048,QN31,
50143169,LA MORRA FONDA REST. & BAR,Queens,9101,ASTORIA BLVD,11369,9733858820,,1/1/1900,,,,Not Applicable,,,,10/30/2024,,40.76349079,-73.87813661,403,22,34700,4032451,4013650001,QN28,
50139858,NEW CASTLE DELICATESSEN,Queens,14934,GUY R BREWER BLVD,11434,3472462463,Spanish,10/23/2023,Violations were cited in the following area(s).,04L,Evidence of mice or live mice in establishment's food or non-food areas.,Critical,38,,,10/30/2024,Cycle Inspection / Initial Inspection,40.65754178,-73.76754616,413,31,32000,4286143,4133840080,QN03,
50044182,HINTERLANDS,Brooklyn,739,CHURCH AVENUE,11218,7186330550,American,4/15/2024,Violations were cited in the following area(s).,08C,"Pesticide not properly labeled or used by unlicensed individual.  Pesticide, other toxic chemical improperly used/stored. Unprotected, unlocked bait station used.",Not Critical,13,A,4/15/2024,10/30/2024,Cycle Inspection / Initial Inspection,40.64588652,-73.97203306,312,40,50400,3124381,3053300049,BK40,
41611875,VALHALLA,Manhattan,815,9 AVENUE,10019,2127572747,American,2/1/2023,Violations were cited in the following area(s).,04L,Evidence of mice or live mice in establishment's food or non-food areas.,Critical,21,,,10/30/2024,Cycle Inspection / Initial Inspection,40.76589331,-73.98720241,104,3,13300,1082423,1010630034,MN15,
50119598,OKIBORU,Manhattan,117,ORCHARD STREET,10002,4703508686,Japanese,4/27/2022,Violations were cited in the following area(s).,04K,Evidence of rats or live rats present in facility's food and/or non-food areas.,Critical,15,,,10/30/2024,Pre-permit (Operational) / Initial Inspection,40.71926553,-73.98965367,103,1,1800,1005508,1004150078,MN27,
50044753,MAMA ROSARIA'S PIZZERIA RESTAURANT,Staten Island,2146,FOREST AVENUE,10303,7188150557,Pizza,12/21/2022,Establishment Closed by DOHMH. Violations were cited in the following area(s) and those requiring immediate action were addressed.,04K,Evidence of rats or live rats in establishment's food or non-food areas.,Critical,38,,,10/30/2024,Cycle Inspection / Initial Inspection,40.6265606,-74.16096229,501,49,30302,5033595,5016900036,SI12,
41267566,SMITH & MILLS,Manhattan,71,NORTH MOORE STREET,10013,2122262515,American,2/27/2023,Violations were cited in the following area(s).,04L,Evidence of mice or live mice in establishment's food or non-food areas.,Critical,11,A,2/27/2023,10/30/2024,Cycle Inspection / Initial Inspection,40.72008351,-74.009845,101,1,3900,1002123,1001880009,MN24,
50090647,LUNA'S KITCHEN AND BAR,Queens,7702,ROOSEVELT AVE,11372,9173108583,Mexican,7/21/2022,Violations were cited in the following area(s).,04M,Live roaches in facility's food or non-food area.,Critical,27,,,10/30/2024,Cycle Inspection / Initial Inspection,40.74713434,-73.88852816,404,25,26700,4036779,4014880001,QN29,
50118533,JEFFREY KATZ,Manhattan,85,W 10TH ST,10011,2123393970,,1/1/1900,,,,Not Applicable,,,,10/30/2024,,40.73452688,-73.9980948,102,2,6300,,1,MN23,
50142176,CURDS THE WORD,Manhattan,42,WEST   42 STREET,10036,5165109228,,1/1/1900,,,,Not Applicable,,,,10/30/2024,,40.75406824,-73.98232117,105,4,8400,1085593,1012570002,MN17,
40591492,LOVELL'S GUIDING LIGHT,Queens,148-33,HILLSIDE AVENUE,11435,7182973153,American,5/26/2023,Violations were cited in the following area(s).,04L,Evidence of mice or live mice in establishment's food or non-food areas.,Critical,13,A,5/26/2023,10/30/2024,Cycle Inspection / Initial Inspection,40.70617769,-73.8081833,408,24,23800,4207417,4097040053,QN61,
50090726,PEASANT STOCK,Manhattan,88,ESSEX STREET,10002,2122547687,Soups,5/18/2023,Violations were cited in the following area(s).,02B,Hot TCS food item not held at or above 140 °F.,Critical,9,A,5/18/2023,10/30/2024,Cycle Inspection / Initial Inspection,40.71814005,-73.98840207,103,1,1800,1090554,1003527501,MN27,
50157646,LA TIRAMISU,Manhattan,1643,2 AVENUE,10028,6504921640,,1/1/1900,,,,Not Applicable,,,,10/30/2024,,40.77739828,-73.95209728,108,5,14601,1048769,1015310022,MN32,
50130636,HAINAN CHICKEN HOUSE,Brooklyn,4807,8 AVENUE,11220,3473653864,Chinese,9/12/2023,Violations were cited in the following area(s).,02B,Hot TCS food item not held at or above 140 °F.,Critical,53,Z,9/12/2023,10/30/2024,Pre-permit (Operational) / Re-inspection,40.64211583,-74.00264844,312,38,10800,3012811,3007780007,BK34,
50122959,BEATNIC,Manhattan,181,FRONT STREET,10038,3323332087,Vegetarian,1/31/2024,Violations were cited in the following area(s).,02B,Hot TCS food item not held at or above 140 °F.,Critical,13,A,1/31/2024,10/30/2024,Cycle Inspection / Initial Inspection,40.70647254,-74.00442556,101,1,1502,1082000,1000740001,MN25,
50057057,RIKO PERUVIAN CUISINE,Queens,4506,GREENPOINT AVE,11104,9178326758,Latin American,2/5/2020,Violations were cited in the following area(s).,09B,Thawing procedures improper.,Not Critical,27,,,10/30/2024,Cycle Inspection / Initial Inspection,40.74188497,-73.91972368,402,26,18300,4001962,4001650006,QN31,
41561572,SUBWAY,Queens,6101,JUNCTION BOULEVARD,11374,7182712001,Sandwiches,9/13/2022,Violations were cited in the following area(s).,06D,"Food contact surface not properly washed, rinsed and sanitized after each use and following any activity when contamination may have occurred.",Critical,7,A,9/13/2022,10/30/2024,Cycle Inspection / Initial Inspection,40.73346937,-73.8641916,406,29,71702,4615634,4020807501,QN18,
41556098,UDOM THAI,Brooklyn,661,WASHINGTON AVENUE,11238,7186228424,Thai,8/12/2024,Violations were cited in the following area(s).,04M,Live roaches in facility's food or non-food area.,Critical,45,,,10/30/2024,Cycle Inspection / Initial Inspection,40.67737502,-73.96367369,308,35,20500,3028591,3011540012,BK64,
50068508,KUNG FU TEA,Queens,8202,ROOSEVELT AVE,11372,7186852886,Coffee/Tea,4/20/2024,Violations were cited in the following area(s).,10E,"Accurate thermometer not provided or properly located in refrigerated, cold storage or hot holding equipment",Not Critical,9,A,4/20/2024,10/30/2024,Cycle Inspection / Re-inspection,40.74763192,-73.88378142,404,21,26901,4036893,4014930001,QN29,
50131083,PARASHADES,Brooklyn,241,FLATBUSH AVENUE,11217,9175677316,Pizza,9/13/2024,Violations were cited in the following area(s).,02B,Hot TCS food item not held at or above 140 °F.,Critical,28,,,10/30/2024,Cycle Inspection / Initial Inspection,40.68105611,-73.97527035,306,35,12902,3027786,3011350002,BK37,
50107980,SAAR,Manhattan,241,WEST   51 STREET,10019,6466092142,Indian,10/8/2022,Violations were cited in the following area(s).,02B,Hot TCS food item not held at or above 140 °F.,Critical,27,,,10/30/2024,Pre-permit (Operational) / Initial Inspection,40.76240438,-73.9844271,105,3,13100,1024816,1010230006,MN17,
41221138,DOUBLE DOWN SALOON,Manhattan,14,AVENUE A,10009,2129820543,American,6/11/2024,Violations were cited in the following area(s).,04H,"Raw, cooked or prepared food is adulterated, contaminated, cross-contaminated, or not discarded in accordance with HACCP plan.",Critical,19,,,10/30/2024,Cycle Inspection / Initial Inspection,40.72270158,-73.98595886,103,2,3002,1083434,1003970006,MN22,
50074204,MR. MARIO,Queens,1804,COLLEGE POINT BLVD,11356,7189617398,Latin American,5/10/2022,Violations were cited in the following area(s).,02B,Hot food item not held at or above 140º F.,Critical,0,,,10/30/2024,Cycle Inspection / Initial Inspection,40.78298096,-73.84587646,407,19,92500,4098304,4040830022,QN23,
50043897,GOLDEN RING,Bronx,4342,WHITE PLAINS ROAD,10466,7183245794,Caribbean,5/26/2022,Violations were cited in the following area(s).,02B,Hot food item not held at or above 140º F.,Critical,0,,,10/30/2024,Cycle Inspection / Initial Inspection,40.89673551,-73.85551552,212,11,43400,2069784,2050430028,BX62,
40965997,BONSIGNOUR,Manhattan,35,JANE STREET,10014,2122299700,American,2/8/2022,Violations were cited in the following area(s).,06E,"Sanitized equipment or utensil, including in-use food dispensing utensil, improperly used or stored.",Critical,0,,,10/30/2024,Cycle Inspection / Initial Inspection,40.73813617,-74.00447097,102,3,7700,1077100,1006260047,MN23,
40395921,GOLDEN PIZZA,Bronx,504,EAST  138 STREET,10454,7186658328,Pizza,10/18/2022,Violations were cited in the following area(s).,04M,Live roaches in facility's food or non-food area.,Critical,25,,,10/30/2024,Cycle Inspection / Initial Inspection,40.8076409,-73.91945984,201,8,2500,2090988,2022650006,BX39,
50066621,"DUNKIN', POPEYES",Brooklyn,1556,BROADWAY,11221,3474251537,Donuts,3/24/2022,Violations were cited in the following area(s).,06D,"Food contact surface not properly washed, rinsed and sanitized after each use and following any activity when contamination may have occurred.",Critical,13,A,3/24/2022,10/30/2024,Cycle Inspection / Initial Inspection,40.6859905,-73.91593313,316,41,37300,3347095,3014920024,BK79,
50134692,Hijole Bar Stand 340,Queens,126,Roosevelt Avenue,,4072277372,American,4/17/2023,No violations were recorded at the time of this inspection.,,,Not Applicable,0,,,10/30/2024,Pre-permit (Non-operational) / Initial Inspection,0,0,,,,,4,,
50099704,MASTER'S PIZZERIA,Brooklyn,5201,5 AVENUE,11220,7184396012,Pizza,6/7/2022,Violations were cited in the following area(s).,02B,Hot food item not held at or above 140º F.,Critical,24,,,10/30/2024,Cycle Inspection / Initial Inspection,40.64388841,-74.01156336,307,38,10000,3013942,3008080009,BK34,
41474909,MI CASITA RESTARANT,Manhattan,1484,AMSTERDAM AVENUE,10031,2122343331,Mexican,2/7/2023,Violations were cited in the following area(s).,20-08,Failure to post or conspicuously post healthy eating information,Not Critical,,,,10/30/2024,Administrative Miscellaneous / Re-inspection,40.81785351,-73.95300739,109,7,21900,1059739,1019870031,MN06,
50051737,SPRING PLACE,Manhattan,6,SAINT JOHNS LANE,10013,2122575620,Mediterranean,10/22/2024,Violations were cited in the following area(s).,04A,Food Protection Certificate (FPC) not held by manager or supervisor of food operations.,Critical,33,,,10/30/2024,Cycle Inspection / Initial Inspection,40.72072057,-74.00591644,101,1,3300,1002734,1002127504,MN24,
41641204,CHINA GARDEN RESTAURANT,Brooklyn,206,JAMAICA AVENUE,11207,7186470520,Chinese,8/16/2021,Violations were cited in the following area(s).,04L,Evidence of mice or live mice present in facility's food and/or non-food areas.,Critical,23,,,10/30/2024,Cycle Inspection / Initial Inspection,40.68044847,-73.8925447,305,37,114600,3086814,3039170010,BK83,
50087865,ORTOMARE RISTORANTE PIZZERIA,Manhattan,994,COLUMBUS AVENUE,10025,2126652970,Italian,3/9/2023,Violations were cited in the following area(s).,08A,"Establishment is not free of harborage or conditions conducive to rodents, insects or other pests.",Not Critical,42,,,10/30/2024,Cycle Inspection / Initial Inspection,40.80107531,-73.96153628,107,7,19300,1079465,1018630029,MN09,
50129188,ASIAN GOURMET,Manhattan,1509,LEXINGTON AVENUE,10029,9179389334,,1/1/1900,,,,Not Applicable,,,,10/30/2024,,40.78675985,-73.95025965,111,5,15802,1051729,1016250020,MN33,
50088359,BLT PRIME,Manhattan,1032,LEXINGTON AVENUE,10021,2129958500,American,6/6/2024,Violations were cited in the following area(s).,06D,"Food contact surface not properly washed, rinsed and sanitized after each use and following any activity when contamination may have occurred.",Critical,13,A,6/6/2024,10/30/2024,Cycle Inspection / Initial Inspection,40.7715527,-73.96138732,108,4,12800,1043058,1014080056,MN40,
50104860,NOVA SOCCER CLUB,Queens,775,WOODWARD AVENUE,11385,9173743854,Coffee/Tea,9/29/2021,Violations were cited in the following area(s).,04M,Live roaches present in facility's food and/or non-food areas.,Critical,28,,,10/30/2024,Pre-permit (Operational) / Initial Inspection,40.70384678,-73.90390031,405,30,58900,4083310,4034810014,QN20,
50110868,OCEAN EATS,Brooklyn,865,4 AVENUE,11232,7188088817,Seafood,10/24/2022,Violations were cited in the following area(s).,08A,"Establishment is not free of harborage or conditions conducive to rodents, insects or other pests.",Not Critical,13,,,10/30/2024,Cycle Inspection / Initial Inspection,40.65662201,-74.00199667,307,38,10100,3010014,3006770001,BK32,
50017723,CLARENDON CUISINE,Brooklyn,252,EAST   54 STREET,11203,9175077657,Caribbean,5/16/2022,Violations were cited in the following area(s).,04K,Evidence of rats or live rats present in facility's food and/or non-food areas.,Critical,38,,,10/30/2024,Cycle Inspection / Initial Inspection,40.65207781,-73.92652452,317,45,86200,3102259,3046790028,BK96,
40747050,SAMARIA PIZZA,Queens,2107,BROADWAY,11106,7185455304,Pizza,1/3/2022,Violations were cited in the following area(s).,10E,Accurate thermometer not provided in refrigerated or hot holding equipment.,Not Critical,10,A,1/3/2022,10/30/2024,Cycle Inspection / Initial Inspection,40.76511053,-73.93148223,401,22,7700,4006383,4005540001,QN70,
50158879,YAAAS TEA,Queens,11815,QUEENS BLVD,11375,9175672289,,1/1/1900,,,,Not Applicable,,,,10/30/2024,,40.71497643,-73.83203086,406,29,75701,4052809,4022700013,QN17,
50092851,KIKI'S,Manhattan,130,DIVISION STREET,10002,6468827052,Greek,8/30/2022,Violations were cited in the following area(s).,04M,Live roaches in facility's food or non-food area.,Critical,38,,,10/30/2024,Cycle Inspection / Initial Inspection,40.7144404,-73.99185845,103,1,1600,1003798,1002940021,MN27,
50158724,,Brooklyn,356,THROOP AVENUE,11221,3107569850,,1/1/1900,,,,Not Applicable,,,,10/30/2024,,40.6920675,-73.94276151,303,36,26100,3413813,3017810040,BK75,
50059102,FAMILY KITCHEN,Queens,10756,SUTPHIN BLVD,11435,7187393377,Chinese,9/20/2023,Violations were cited in the following area(s).,28-06,Contract with a pest management professional not in place. Record of extermination activities not kept on premises.,Not Critical,51,C,9/20/2023,10/30/2024,Cycle Inspection / Re-inspection,40.69327095,-73.79969214,412,28,19800,4452280,4119450062,QN01,
50048297,CAFE GOURMET,Brooklyn,9,HANOVER PLACE,11201,7182220090,American,1/27/2022,No violations were recorded at the time of this inspection.,,,Not Applicable,0,A,1/27/2022,10/30/2024,Cycle Inspection / Re-inspection,40.68906391,-73.98228438,302,33,3700,3000464,3001610027,BK38,
41204942,CACIO E VINO,Manhattan,80,2 AVENUE,10003,2122283269,Italian,6/7/2022,Violations were cited in the following area(s).,06D,"Food contact surface not properly washed, rinsed and sanitized after each use and following any activity when contamination may have occurred.",Critical,13,A,6/7/2022,10/30/2024,Cycle Inspection / Initial Inspection,40.72650069,-73.9891763,103,2,3800,1006202,1004460005,MN22,
50110163,MOGE TEE,Queens,7015,AUSTIN ST,11375,3474718511,Coffee/Tea,10/4/2021,Violations were cited in the following area(s).,10E,Accurate thermometer not provided in refrigerated or hot holding equipment.,Not Critical,21,,,10/30/2024,Pre-permit (Operational) / Initial Inspection,40.72077164,-73.84645018,406,29,71100,4314649,4032387501,QN17,
50004599,BELLA PIZZA OF BRONX,Bronx,4555,3 AVENUE,10458,7184838861,Pizza,4/23/2024,Violations were cited in the following area(s).,04L,Evidence of mice or live mice in establishment's food or non-food areas.,Critical,37,Z,4/23/2024,10/30/2024,Cycle Inspection / Re-inspection,40.85473582,-73.89040761,206,15,38500,2117679,2030520038,BX01,
41299987,DUNKIN,Bronx,209,WEST  231 STREET,10463,7184322741,Donuts,4/24/2023,Violations were cited in the following area(s).,19-10,Failure to display required signage about plastic straw availability,Not Critical,,,,10/30/2024,Administrative Miscellaneous / Initial Inspection,40.87909741,-73.9051323,208,11,28900,2083161,2057040047,BX29,
50157833,PRET A MANGER,Manhattan,420,7 AVENUE,10001,9146459354,,1/1/1900,,,,Not Applicable,,,,10/30/2024,,40.75045989,-73.9910167,105,3,10100,1014385,1007830034,MN17,
50090686,LA GATA GOLOSA,Queens,3018,BROADWAY,11106,7188061493,Latin American,3/7/2024,Violations were cited in the following area(s).,09E,Wash hands sign not posted near or above hand washing sink.,Not Critical,11,A,3/7/2024,10/30/2024,Cycle Inspection / Re-inspection,40.76223059,-73.92596575,401,22,5900,4430913,4005870034,QN70,
40366938,LULU'S COFFEE SHOP,Bronx,1191,CASTLE HILL AVENUE,10462,7188223568,Coffee/Tea,5/3/2023,Violations were cited in the following area(s).,08C,"Pesticide not properly labeled or used by unlicensed individual. Pesticide, other toxic chemical improperly used/stored. Unprotected, unlocked bait station used.",Not Critical,19,,,10/30/2024,Cycle Inspection / Initial Inspection,40.83170704,-73.85099931,209,18,9200,2026488,2038110036,BX59,
50148756,ISTANBUL CLINTON HILL,Brooklyn,852,FULTON STREET,11238,3476778707,Turkish,8/19/2024,Violations were cited in the following area(s).,02B,Hot TCS food item not held at or above 140 °F.,Critical,57,N,,10/30/2024,Pre-permit (Operational) / Initial Inspection,40.6835546,-73.96727949,302,35,19900,3057534,3020100032,BK69,
50116941,EMPIRE III,Manhattan,1902,A C POWELL BOULEVARD,10026,3476229308,Chinese,7/29/2024,Violations were cited in the following area(s).,02B,Hot TCS food item not held at or above 140 °F.,Critical,17,,,10/30/2024,Cycle Inspection / Initial Inspection,40.80264211,-73.95295316,110,9,21800,1055237,1018310029,MN11,
50105651,$1.50 FRESH PIZZA & HOT DOG,Manhattan,131,AVENUE A,10009,6464093489,Pizza,5/18/2023,Violations were cited in the following area(s).,20-06,Current letter grade or Grade Pending card not posted,Not Critical,,,,10/30/2024,Administrative Miscellaneous / Initial Inspection,40.72681284,-73.98299229,103,2,3200,1005881,1004360034,MN22,
50069376,QINGDAO,Queens,4046,MAIN ST,11354,9292582233,Chinese,10/30/2023,Violations were cited in the following area(s).,02B,Hot TCS food item not held at or above 140 °F.,Critical,31,,,10/30/2024,Cycle Inspection / Initial Inspection,40.75846921,-73.82961059,407,20,87100,4114146,4050370061,QN22,
50119321,GRAB & GO,Bronx,441,E FORDHAM RD,10458,6467998408,Sandwiches,8/23/2023,No violations were recorded at the time of this inspection.,,,Not Applicable,0,,,10/30/2024,Pre-permit (Non-operational) / Initial Inspection,40.86072674,-73.88953366,206,15,39700,2102025,2032730001,BX06,
50100077,EN JAPANESE BRASSERIE,Manhattan,435,HUDSON STREET,10014,2126479196,Japanese,10/9/2024,Violations were cited in the following area(s).,06G,HACCP plan not approved or approved HACCP plan not maintained on premises.,Critical,27,,,10/30/2024,Cycle Inspection / Initial Inspection,40.73057972,-74.00680492,102,3,6900,1010402,1006020068,MN23,
40825993,TRINIDAD GOLDEN PLACE,Brooklyn,788,NOSTRAND AVENUE,11216,7187357065,Caribbean,3/26/2024,Violations were cited in the following area(s).,08A,"Establishment is not free of harborage or conditions conducive to rodents, insects or other pests.",Not Critical,22,,,10/30/2024,Cycle Inspection / Initial Inspection,40.67181184,-73.95032768,308,35,31702,3031883,3012470049,BK61,
50134535,TAQUITO,Manhattan,96,SOUTH STREET,10038,6467624749,Mexican,7/24/2023,No violations were recorded at the time of this inspection.,,,Not Applicable,0,N,,10/30/2024,Pre-permit (Operational) / Initial Inspection,40.70637378,-74.00288184,101,1,1501,1000000,1000730011,MN25,
41629699,BLUE SMOKE,Manhattan,255,VESEY STREET,10282,2128892005,Barbecue,7/23/2024,Violations were cited in the following area(s).,02B,Hot TCS food item not held at or above 140 °F.,Critical,31,,,10/30/2024,Cycle Inspection / Initial Inspection,40.71454392,-74.01568432,101,1,31703,1085867,1000167512,MN25,
41638047,BESO RESTAURANT AND BAR,Brooklyn,370,LEWIS AVENUE,11233,3479152900,Caribbean,9/8/2022,Violations were cited in the following area(s).,04K,Evidence of rats or live rats in establishment's food or non-food areas.,Critical,0,,,10/30/2024,Cycle Inspection / Initial Inspection,40.68292329,-73.93504994,303,36,27500,3046381,3016640052,BK35,
50007015,EMIR PALACE,Brooklyn,4210,18 AVENUE,11218,7184310007,Middle Eastern,4/11/2022,Establishment re-opened by DOHMH.,,,Not Applicable,0,P,4/11/2022,10/30/2024,Cycle Inspection / Reopening Inspection,40.63159795,-73.97536801,314,40,48400,3127571,3054090036,BK41,
50077888,EL JOBO SEAFOOD RESTAURANT,Bronx,748-750,E 233RD ST,10466,3472029446,Latin American,7/17/2024,Violations were cited in the following area(s).,02C,Hot TCS food item that has been cooked and cooled is being held for service without first being reheated to 165º F or above within 2 hours.,Critical,38,,,10/30/2024,Cycle Inspection / Initial Inspection,40.89280237,-73.85555303,212,12,42200,2063715,2048460065,BX44,
50160123,,Manhattan,461,5 AVENUE,10017,2124705889,,1/1/1900,,,,Not Applicable,,,,10/30/2024,,40.75227857,-73.98174777,105,4,8200,1071438,1012750001,MN20,
50066286,EL CASTILLO DEL POLLO,Queens,12808,111TH AVE,11420,7188454071,Spanish,5/31/2024,Violations were cited in the following area(s).,04M,Live roaches in facility's food or non-food area.,Critical,53,,,10/30/2024,Cycle Inspection / Initial Inspection,40.68277861,-73.81326616,410,28,17200,4250838,4116330004,QN55,
50077821,HALAL DYNASTY,Queens,17233A,HILLSIDE AVE,11432,7182986888,Chinese,5/18/2023,Violations were cited in the following area(s).,09C,"Design, construction, materials used or maintenance of food contact surface improper. Surface not easily cleanable, sanitized and maintained.",Not Critical,6,A,5/18/2023,10/30/2024,Cycle Inspection / Initial Inspection,40.71215774,-73.78896528,408,24,45800,4210593,4098440101,QN06,
50075009,#1 GARDEN CHINESE RESTAURANT,Brooklyn,221,PROSPECT PARK WEST,11215,9172508950,Chinese,7/7/2022,Violations were cited in the following area(s).,04L,Evidence of mice or live mice in establishment's food or non-food areas.,Critical,24,,,10/30/2024,Cycle Inspection / Initial Inspection,40.66015565,-73.98055482,307,39,16900,3026939,3011100006,BK40,
50091096,BENARES RESTAURANT,Manhattan,45,MURRAY STREET,10007,2127664900,Indian,3/7/2022,Establishment re-opened by DOHMH.,,,Not Applicable,0,C,3/7/2022,10/30/2024,Cycle Inspection / Reopening Inspection,40.71404781,-74.00938238,101,1,2100,1001435,1001330007,MN24,
50069376,QINGDAO,Queens,4046,MAIN ST,11354,9292582233,Chinese,4/25/2024,Violations were cited in the following area(s).,02B,Hot TCS food item not held at or above 140 °F.,Critical,44,C,4/25/2024,10/30/2024,Cycle Inspection / Re-inspection,40.75846921,-73.82961059,407,20,87100,4114146,4050370061,QN22,
50134187,POETICA COFFEE,Brooklyn,622,CATON AVENUE,11218,9177975131,Coffee/Tea,4/19/2023,Violations were cited in the following area(s).,02B,Hot TCS food item not held at or above 140 °F.,Critical,12,A,4/19/2023,10/30/2024,Pre-permit (Operational) / Initial Inspection,40.64769586,-73.97430258,312,40,50400,3124350,3053290104,BK40,
41503108,TULCINGO RESTAURANT,Queens,40364040,NATIONAL STREET,,7186398880,Mexican,4/15/2024,Violations were cited in the following area(s).,20-06,Current letter grade or Grade Pending card not posted,Not Critical,,,,10/30/2024,Administrative Miscellaneous / Re-inspection,0,0,,,,,4,,
50146754,SAN SABINO,Manhattan,113,GREENWICH AVENUE,10014,2129708808,,1/1/1900,,,,Not Applicable,,,,10/30/2024,,40.73805115,-74.00200273,102,3,7700,1011045,1006150076,MN23,
50145395,DELICIOUS SOUL FOOD,Bronx,596,GRAND CONCOURSE,10451,7184503757,,1/1/1900,,,,Not Applicable,,,,10/30/2024,,40.81974461,-73.92673973,204,17,6100,2002447,2024430041,BX14,
50148352,COTE WINE BAR,Bronx,5639,MOSHOLU AVENUE,10471,7187086568,,1/1/1900,,,,Not Applicable,,,,10/30/2024,,40.90482386,-73.9020711,208,11,33700,2085066,2058610178,BX22,
50125458,AUTHENTIC KITCHEN,Brooklyn,4213,CHURCH AVENUE,11203,3478677061,Caribbean,10/13/2022,Violations were cited in the following area(s).,09B,Thawing procedure improper.,Not Critical,7,A,10/13/2022,10/30/2024,Pre-permit (Operational) / Initial Inspection,40.65138735,-73.93785931,317,41,87200,3109049,3048790136,BK91,
50108285,KFC,Brooklyn,798,4 AVENUE,11232,7187684853,Chicken,7/22/2021,Violations were cited in the following area(s).,02B,Hot food item not held at or above 140º F.,Critical,22,,,10/30/2024,Pre-permit (Operational) / Initial Inspection,40.65917467,-73.99936205,307,38,10100,3009735,3006600039,BK32,
50118638,OMG BURGER & PIZZA,Brooklyn,1307,MYRTLE AVENUE,11221,8452484430,Pizza,2/17/2022,Violations were cited in the following area(s).,02B,Hot food item not held at or above 140º F.,Critical,9,A,2/17/2022,10/30/2024,Pre-permit (Operational) / Initial Inspection,40.69801129,-73.92595439,304,34,42300,3251895,3032330001,BK78,
50130959,EL KAMBUCHE DE LOLA 2,Queens,13840,84TH DR,11435,3474458909,Spanish,3/1/2023,Violations were cited in the following area(s).,09B,Thawing procedure improper.,Not Critical,13,,,10/30/2024,Pre-permit (Operational) / Initial Inspection,40.70909531,-73.81824551,408,24,21400,4206515,4096490044,QN35,
40861694,SPIROS RESTAUTRANT,Brooklyn,2103,AVENUE U,11229,7188919843,American,2/9/2022,Violations were cited in the following area(s).,04M,Live roaches present in facility's food and/or non-food areas.,Critical,12,A,2/9/2022,10/30/2024,Cycle Inspection / Initial Inspection,40.59951422,-73.95022323,315,48,57800,3198385,3073260048,BK44,
50086366,LA ELEGANCIA RESTAURANT,Queens,8826,37TH AVE,11372,3478463569,Latin American,5/18/2022,Violations were cited in the following area(s).,02B,Hot food item not held at or above 140º F.,Critical,0,,,10/30/2024,Cycle Inspection / Initial Inspection,40.75035191,-73.878417,403,21,27700,,4,QN28,
50159449,MAMAS CHICKEN SHACK HAPPY DUMPLING COCOA CABIN,Manhattan,20,UNION SQUARE WEST,10003,9177336708,,1/1/1900,,,,Not Applicable,,,,10/30/2024,,40.73660979,-73.99067938,105,2,5200,1016108,1008450002,MN13,
50000307,JOHNNY'S FRIED CHICKEN,Bronx,1350,SHAKESPEARE AVENUE,10452,7186810641,Chicken,3/1/2023,Violations were cited in the following area(s).,04M,Live roaches in facility's food or non-food area.,Critical,23,,,10/30/2024,Cycle Inspection / Initial Inspection,40.84058522,-73.92225688,204,16,21100,2003332,2025200001,BX26,
50115660,U BEST BAKERY,Queens,13688,ROOSEVELT AVE,11354,9172778858,Chinese,3/25/2024,Violations were cited in the following area(s).,02B,Hot TCS food item not held at or above 140 °F.,Critical,12,A,3/25/2024,10/30/2024,Cycle Inspection / Initial Inspection,40.76018443,-73.82759917,407,20,85300,4583979,4050190059,QN22,
50115660,U BEST BAKERY,Queens,13688,ROOSEVELT AVE,11354,9172778858,Chinese,12/8/2022,Violations were cited in the following area(s).,06E,"Sanitized equipment or utensil, including in-use food dispensing utensil, improperly used or stored.",Critical,17,,,10/30/2024,Cycle Inspection / Initial Inspection,40.76018443,-73.82759917,407,20,85300,4583979,4050190059,QN22,
50040106,DWEEBS,Brooklyn,1434,DEKALB AVENUE,11237,3474135272,Coffee/Tea,5/25/2022,Violations were cited in the following area(s).,10I,"Single service item reused, improperly stored, dispensed; not used when required.",Not Critical,12,A,5/25/2022,10/30/2024,Cycle Inspection / Initial Inspection,40.70042751,-73.92302684,304,37,42900,3073828,3032460021,BK77,
50137906,THE BRUNCH HOUSE,Brooklyn,1784,FLATBUSH AVENUE,11210,6093361235,Caribbean,3/1/2024,Violations were cited in the following area(s).,06E,"Sanitized equipment or utensil, including in-use food dispensing utensil, improperly used or stored.",Critical,12,,,10/30/2024,Pre-permit (Operational) / Compliance Inspection,40.6265817,-73.94106348,318,45,74000,3208201,3076170025,BK58,
